policy,feature,group,rows,logged_clicks,logged_CTR,DR,SNIPS,ESS,DR_uplift,eligible,low_realized_ESS
Logger,user_feature_0,4ae385d792f81dde128124a925a830de,1778,3,0.001687289088863892,0.001687289088863892,0.001687289088863892,1778.0,0.0,False,False
Logger,user_feature_0,574464659df0fc5bac579eff2b1fff99,130531,514,0.003937761910963679,0.003937761910963679,0.003937761910963679,130531.0,0.0,True,False
Logger,user_feature_0,81ce123cbb5bd8ce818f60fb3586bba5,201612,712,0.0035315358212804795,0.0035315358212804795,0.0035315358212804795,201612.0,0.0,True,False
Logger,user_feature_0,cef3390ed299c09874189c387777674a,44612,136,0.0030485071281269615,0.0030485071281269615,0.0030485071281269615,44612.0,0.0,True,False
Logger,user_feature_1,03a5648a76832f83c859d46bc06cb64a,203958,680,0.0033340197491640434,0.0033340197491640434,0.0033340197491640434,203958.0,0.0,True,False
Logger,user_feature_1,2d03db5543b14483e52d761760686b64,22947,114,0.004967969669237808,0.004967969669237808,0.004967969669237808,22947.0,0.0,True,False
Logger,user_feature_1,6ff54aa8ff7a9dde75161c20a3ee4231,3327,19,0.005710850616170725,0.005710850616170725,0.005710850616170725,3327.0,0.0,False,False
Logger,user_feature_1,8b50621825ffd909dd8d8317d366271f,90,0,0.0,0.0,0.0,90.0,,False,True
Logger,user_feature_1,a05b66683c9a38a761122e14ef9a0f6c,130531,514,0.003937761910963679,0.003937761910963679,0.003937761910963679,130531.0,0.0,True,False
Logger,user_feature_1,f1c2d6a32ec39249160cf784b63f4c6f,17680,38,0.002149321266968326,0.002149321266968326,0.002149321266968326,17680.0,0.0,True,False
Logger,user_feature_2,2723d2eb8bba04e0362098011fa3997b,59495,233,0.003916295487015715,0.003916295487015715,0.003916295487015715,59495.0,0.0,True,False
Logger,user_feature_2,302deff13f835d731df1c842eed95971,12770,30,0.0023492560689115116,0.0023492560689115116,0.0023492560689115116,12770.0,0.0,True,False
Logger,user_feature_2,3a845d98884c222862996aadd75584c5,130531,514,0.003937761910963679,0.003937761910963679,0.003937761910963679,130531.0,0.0,True,False
Logger,user_feature_2,719dab53a7560218a9d1f96b25d6fa32,36206,109,0.003010550737446832,0.003010550737446832,0.003010550737446832,36206.0,0.0,True,False
Logger,user_feature_2,7ae37150e596e6e8f19e27a06bd4d359,154,1,0.006493506493506494,0.006493506493506494,0.006493506493506494,154.0,0.0,False,False
Logger,user_feature_2,7bc94a2da491829b777c49c4b5e480f2,40154,154,0.0038352343477611197,0.0038352343477611197,0.0038352343477611197,40154.0,0.0,True,False
Logger,user_feature_2,9b2d331c329ceb74d3dcfb48d8798c78,38792,136,0.00350587750051557,0.00350587750051557,0.00350587750051557,38792.0,0.0,True,False
Logger,user_feature_2,9f4e8271d3d3014af5f35124c2de5082,3721,17,0.004568664337543671,0.004568664337543671,0.004568664337543671,3721.0,0.0,False,False
Logger,user_feature_2,c2e4f76cdbabecd33b8c762aeef386b3,56698,171,0.003015979399626089,0.003015979399626089,0.003015979399626089,56698.0,0.0,True,False
Logger,user_feature_2,c7cce49040b6630e9b5484dfcc0e6cd1,12,0,0.0,0.0,0.0,12.0,,False,True
Logger,user_feature_3,05b76f5e97e51128862059ac7df9e42a,13790,26,0.0018854242204496012,0.0018854242204496012,0.0018854242204496012,13790.0,0.0,True,False
Logger,user_feature_3,06128286bcc64b6a4b0fb7bc0328fe17,23404,89,0.0038027687574773545,0.0038027687574773545,0.0038027687574773545,23404.0,0.0,True,False
Logger,user_feature_3,1f5491ca59138af653430c90c33319b5,15,1,0.06666666666666667,0.06666666666666667,0.06666666666666667,15.0,0.0,False,True
Logger,user_feature_3,270b3e1c052b4f2e9c90bf0ebeb84f34,3929,6,0.0015271061338763044,0.0015271061338763044,0.0015271061338763044,3929.0,0.0,False,False
Logger,user_feature_3,397559c512c5db37e09011ba61bcc333,130531,514,0.003937761910963679,0.003937761910963679,0.003937761910963679,130531.0,0.0,True,False
Logger,user_feature_3,3aef83d337306549f1f8ca5a8b8ecff8,296,0,0.0,0.0,0.0,296.0,,False,False
Logger,user_feature_3,9bde591ffaab8d54c457448e4dca6f53,92358,334,0.0036163624158167132,0.0036163624158167132,0.0036163624158167132,92358.0,0.0,True,False
Logger,user_feature_3,c39b0c7dd5d4eb9a18e7db6ba2f258f8,85870,307,0.0035751717712821708,0.0035751717712821708,0.0035751717712821708,85870.0,0.0,True,False
Logger,user_feature_3,f97571b9c14a786aab269f0b427d2a85,28340,88,0.00310515172900494,0.00310515172900494,0.00310515172900494,28340.0,0.0,True,False
Pooled TS,user_feature_0,4ae385d792f81dde128124a925a830de,1778,3,0.001687289088863892,-6.503880589001166e-05,0.00035017477756211466,123.814947253705,-1.0385463322908135,False,False
Pooled TS,user_feature_0,574464659df0fc5bac579eff2b1fff99,130531,514,0.003937761910963679,0.004317000089640507,0.004434782428626101,8621.336772370249,0.09630805194720837,True,False
Pooled TS,user_feature_0,81ce123cbb5bd8ce818f60fb3586bba5,201612,712,0.0035315358212804795,0.009590188756728664,0.009655292382654883,13137.369313428733,1.7155858646370494,True,False
Pooled TS,user_feature_0,cef3390ed299c09874189c387777674a,44612,136,0.0030485071281269615,0.0014854886405039267,0.001627474738565207,2916.7665682453426,-0.5127160350723443,True,False
Pooled TS,user_feature_1,03a5648a76832f83c859d46bc06cb64a,203958,680,0.0033340197491640434,0.008647223842992127,0.008707459453363181,13334.089201957928,1.5936330596602768,True,False
Pooled TS,user_feature_1,2d03db5543b14483e52d761760686b64,22947,114,0.004967969669237808,0.0035360509922794017,0.003746019385583181,1465.3508973556868,-0.2882301568435488,True,False
Pooled TS,user_feature_1,6ff54aa8ff7a9dde75161c20a3ee4231,3327,19,0.005710850616170725,0.005116602179743347,0.005048813114670657,232.78132397364433,-0.10405602884178333,False,False
Pooled TS,user_feature_1,8b50621825ffd909dd8d8317d366271f,90,0,0.0,-0.0019467128030961163,0.0,7.542180186822717,,False,True
Pooled TS,user_feature_1,a05b66683c9a38a761122e14ef9a0f6c,130531,514,0.003937761910963679,0.004317000089640507,0.004434782428626101,8621.336772370249,0.09630805194720837,True,False
Pooled TS,user_feature_1,f1c2d6a32ec39249160cf784b63f4c6f,17680,38,0.002149321266968326,0.007804985399678558,0.007938484380233871,1144.1208086591228,2.6313721543767605,True,False
Pooled TS,user_feature_2,2723d2eb8bba04e0362098011fa3997b,59495,233,0.003916295487015715,0.012604873526400195,0.012788374475182178,3807.304677264943,2.218570602803346,True,False
Pooled TS,user_feature_2,302deff13f835d731df1c842eed95971,12770,30,0.0023492560689115116,0.011207793510687694,0.011370530830438763,818.3252417340537,3.770784104382728,True,False
Pooled TS,user_feature_2,3a845d98884c222862996aadd75584c5,130531,514,0.003937761910963679,0.004317000089640507,0.004434782428626101,8621.336772370249,0.09630805194720837,True,False
Pooled TS,user_feature_2,719dab53a7560218a9d1f96b25d6fa32,36206,109,0.003010550737446832,0.0058964675215132396,0.005967301530329508,2472.470951155814,0.9586009457239297,True,False
Pooled TS,user_feature_2,7ae37150e596e6e8f19e27a06bd4d359,154,1,0.006493506493506494,0.0004391319376997864,0.00032883058083297927,9.58095043583457,-0.932373681594233,False,True
Pooled TS,user_feature_2,7bc94a2da491829b777c49c4b5e480f2,40154,154,0.0038352343477611197,0.0034700398037870485,0.003579100674354317,2618.6428468193967,-0.09522092025152507,True,False
Pooled TS,user_feature_2,9b2d331c329ceb74d3dcfb48d8798c78,38792,136,0.00350587750051557,0.010744373501085138,0.010930208533720209,2492.6597395964964,2.0646745356918728,True,False
Pooled TS,user_feature_2,9f4e8271d3d3014af5f35124c2de5082,3721,17,0.004568664337543671,0.01441157403665198,0.015195990821276813,236.4340212263175,2.154439234728354,False,False
Pooled TS,user_feature_2,c2e4f76cdbabecd33b8c762aeef386b3,56698,171,0.003015979399626089,0.004995163420062751,0.005096897595009634,3725.8402286214414,0.6562326057936716,True,False
Pooled TS,user_feature_2,c7cce49040b6630e9b5484dfcc0e6cd1,12,0,0.0,0.006129595952737818,0.0,1.711815781131987,,False,True
Pooled TS,user_feature_3,05b76f5e97e51128862059ac7df9e42a,13790,26,0.0018854242204496012,0.00016010491114264267,0.00041176163087428946,916.8285708500632,-0.9150828182824214,True,False
Pooled TS,user_feature_3,06128286bcc64b6a4b0fb7bc0328fe17,23404,89,0.0038027687574773545,0.008476661387486767,0.008496728091992272,1538.901922778842,1.2290762147498908,True,False
Pooled TS,user_feature_3,1f5491ca59138af653430c90c33319b5,15,1,0.06666666666666667,1.4346066790242051,0.895727059904643,1.2385814077743016,20.519100185363076,False,True
Pooled TS,user_feature_3,270b3e1c052b4f2e9c90bf0ebeb84f34,3929,6,0.0015271061338763044,-5.925743066809722e-06,0.0004760730194436443,260.6670344934305,-1.0038803740849158,False,False
Pooled TS,user_feature_3,397559c512c5db37e09011ba61bcc333,130531,514,0.003937761910963679,0.004317000089640507,0.004434782428626101,8621.336772370249,0.09630805194720837,True,False
Pooled TS,user_feature_3,3aef83d337306549f1f8ca5a8b8ecff8,296,0,0.0,0.0008244664508644519,0.0,17.214463670989822,,False,True
Pooled TS,user_feature_3,9bde591ffaab8d54c457448e4dca6f53,92358,334,0.0036163624158167132,0.007863628750045388,0.00794005029526044,5962.456658170938,1.1744581559781198,True,False
Pooled TS,user_feature_3,c39b0c7dd5d4eb9a18e7db6ba2f258f8,85870,307,0.0035751717712821708,0.009971960987824198,0.010007184852889633,5632.199805001501,1.7892257004054195,True,False
Pooled TS,user_feature_3,f97571b9c14a786aab269f0b427d2a85,28340,88,0.00310515172900494,0.006872099925405981,0.006957217379696705,1849.7805586280335,1.213128544159153,True,False
Position TS,user_feature_0,4ae385d792f81dde128124a925a830de,1778,3,0.001687289088863892,0.00566233532001444,0.005462993786556732,49.710764183788434,2.3558773996618916,False,True
Position TS,user_feature_0,574464659df0fc5bac579eff2b1fff99,130531,514,0.003937761910963679,0.0025858114285704317,0.003113905972779253,3693.433201302658,-0.343329666181465,True,False
Position TS,user_feature_0,81ce123cbb5bd8ce818f60fb3586bba5,201612,712,0.0035315358212804795,0.009183921137010526,0.009205971719156113,5694.010089211055,1.6005459385884353,True,False
Position TS,user_feature_0,cef3390ed299c09874189c387777674a,44612,136,0.0030485071281269615,0.0003344637481815314,0.001078809504025793,1266.4091578549458,-0.8902860534273935,True,False
Position TS,user_feature_1,03a5648a76832f83c859d46bc06cb64a,203958,680,0.0033340197491640434,0.008512710192053246,0.00858550584126441,5694.967544429292,1.5532872725747002,True,False
Position TS,user_feature_1,2d03db5543b14483e52d761760686b64,22947,114,0.004967969669237808,0.0052346154060229815,0.005423949345934851,692.2214301894037,0.053672980017626104,True,False
Position TS,user_feature_1,6ff54aa8ff7a9dde75161c20a3ee4231,3327,19,0.005710850616170725,0.007079405882996609,0.006936869816307738,96.85670328705673,0.23964123014366945,False,True
Position TS,user_feature_1,8b50621825ffd909dd8d8317d366271f,90,0,0.0,-0.0035239631818824143,0.0,2.371804056569891,,False,True
Position TS,user_feature_1,a05b66683c9a38a761122e14ef9a0f6c,130531,514,0.003937761910963679,0.0025858114285704317,0.003113905972779253,3693.433201302658,-0.343329666181465,True,False
Position TS,user_feature_1,f1c2d6a32ec39249160cf784b63f4c6f,17680,38,0.002149321266968326,-0.00017039901308483292,0.0005618960844557794,524.0752399974165,-1.079280382929996,True,False
Position TS,user_feature_2,2723d2eb8bba04e0362098011fa3997b,59495,233,0.003916295487015715,0.011061023736684217,0.01104598596532393,1659.44601024015,1.8243588292447535,True,False
Position TS,user_feature_2,302deff13f835d731df1c842eed95971,12770,30,0.0023492560689115116,0.019139942629761326,0.018776724438437434,355.6052132216012,7.1472355794017375,True,False
Position TS,user_feature_2,3a845d98884c222862996aadd75584c5,130531,514,0.003937761910963679,0.0025858114285704317,0.003113905972779253,3693.433201302658,-0.343329666181465,True,False
Position TS,user_feature_2,719dab53a7560218a9d1f96b25d6fa32,36206,109,0.003010550737446832,0.0037618129837463854,0.004211159331682515,1030.8391535175185,0.24954312742680385,True,False
Position TS,user_feature_2,7ae37150e596e6e8f19e27a06bd4d359,154,1,0.006493506493506494,-0.0013234306488827663,0.00025575330036646656,6.113385571459776,-1.203808319927946,False,True
Position TS,user_feature_2,7bc94a2da491829b777c49c4b5e480f2,40154,154,0.0038352343477611197,0.004003455185164312,0.004308228233701239,1159.1356933321813,0.04386194483823247,True,False
Position TS,user_feature_2,9b2d331c329ceb74d3dcfb48d8798c78,38792,136,0.00350587750051557,0.008906728190014776,0.0089509157003054,1089.1441022419604,1.540513234904803,True,False
Position TS,user_feature_2,9f4e8271d3d3014af5f35124c2de5082,3721,17,0.004568664337543671,0.019191297154710844,0.019077681097491354,103.3080517592611,3.2006362772164145,False,False
Position TS,user_feature_2,c2e4f76cdbabecd33b8c762aeef386b3,56698,171,0.003015979399626089,0.004591108956420025,0.00475486117339874,1606.0960048006389,0.5222613778427052,True,False
Position TS,user_feature_2,c7cce49040b6630e9b5484dfcc0e6cd1,12,0,0.0,0.008859855519163346,0.0,6.421307790019047,,False,True
Position TS,user_feature_3,05b76f5e97e51128862059ac7df9e42a,13790,26,0.0018854242204496012,-1.1772022341954159e-05,0.0012640450390219162,422.2659981772431,-1.0062436995421364,True,False
Position TS,user_feature_3,06128286bcc64b6a4b0fb7bc0328fe17,23404,89,0.0038027687574773545,0.008306395071623786,0.008429173924354239,628.9301671776125,1.1843019129919448,True,False
Position TS,user_feature_3,1f5491ca59138af653430c90c33319b5,15,1,0.06666666666666667,1.8198657085657972,0.8881175747488977,1.25887907653601,26.29798562848696,False,True
Position TS,user_feature_3,270b3e1c052b4f2e9c90bf0ebeb84f34,3929,6,0.0015271061338763044,0.0013299647890389762,0.002046069157401038,120.00097242117806,-0.12909472397764377,False,False
Position TS,user_feature_3,397559c512c5db37e09011ba61bcc333,130531,514,0.003937761910963679,0.0025858114285704317,0.003113905972779253,3693.433201302658,-0.343329666181465,True,False
Position TS,user_feature_3,3aef83d337306549f1f8ca5a8b8ecff8,296,0,0.0,0.005171112834798556,0.0,14.55758530028517,,False,True
Position TS,user_feature_3,9bde591ffaab8d54c457448e4dca6f53,92358,334,0.0036163624158167132,0.007755117985275997,0.00783572235029626,2580.337491138807,1.144452655341678,True,False
Position TS,user_feature_3,c39b0c7dd5d4eb9a18e7db6ba2f258f8,85870,307,0.0035751717712821708,0.009597948871044983,0.009599121555792659,2437.0201259260293,1.684611952953201,True,False
Position TS,user_feature_3,f97571b9c14a786aab269f0b427d2a85,28340,88,0.00310515172900494,0.003805920254592929,0.004070770093858771,812.2022952616963,0.2256793183541319,True,False
Position UCB,user_feature_0,4ae385d792f81dde128124a925a830de,1778,3,0.001687289088863892,0.0014198897776840807,9.901970492127937e-05,21.4135151922271,-0.15847865842590148,False,True
Position UCB,user_feature_0,574464659df0fc5bac579eff2b1fff99,130531,514,0.003937761910963679,0.0010289027614996883,0.0017713325172799364,1975.4310409880245,-0.7387087424877123,True,False
Position UCB,user_feature_0,81ce123cbb5bd8ce818f60fb3586bba5,201612,712,0.0035315358212804795,0.008788918801435319,0.008831302080966906,2908.5044431172732,1.4886959233075525,True,False
Position UCB,user_feature_0,cef3390ed299c09874189c387777674a,44612,136,0.0030485071281269615,-0.0013541619002034428,0.00013194032804634214,716.8108721138316,-1.4442049315579117,True,False
Position UCB,user_feature_1,03a5648a76832f83c859d46bc06cb64a,203958,680,0.0033340197491640434,0.007843797520995021,0.007951124014602776,2962.584526616111,1.3526547864516214,True,False
Position UCB,user_feature_1,2d03db5543b14483e52d761760686b64,22947,114,0.004967969669237808,0.005715280100379071,0.006029691781352076,359.79545640069097,0.1504257233631452,True,False
Position UCB,user_feature_1,6ff54aa8ff7a9dde75161c20a3ee4231,3327,19,0.005710850616170725,0.00038371063814603737,0.00028627823230725205,46.48644507034333,-0.9328102477309544,False,True
Position UCB,user_feature_1,8b50621825ffd909dd8d8317d366271f,90,0,0.0,-0.00775983643113871,0.0,2.1188520811613936,,False,True
Position UCB,user_feature_1,a05b66683c9a38a761122e14ef9a0f6c,130531,514,0.003937761910963679,0.0010289027614996883,0.0017713325172799364,1975.4310409880245,-0.7387087424877123,True,False
Position UCB,user_feature_1,f1c2d6a32ec39249160cf784b63f4c6f,17680,38,0.002149321266968326,-0.0009879986729064705,9.59760767000394e-05,275.7322012994218,-1.4596793825522736,True,False
Position UCB,user_feature_2,2723d2eb8bba04e0362098011fa3997b,59495,233,0.003916295487015715,0.008748586868775287,0.008761825200771433,857.1246037440836,1.2338934581879215,True,False
Position UCB,user_feature_2,302deff13f835d731df1c842eed95971,12770,30,0.0023492560689115116,0.016752509356627723,0.016192292854387245,195.15570551561333,6.130984816137866,True,False
Position UCB,user_feature_2,3a845d98884c222862996aadd75584c5,130531,514,0.003937761910963679,0.0010289027614996883,0.0017713325172799364,1975.4310409880245,-0.7387087424877123,True,False
Position UCB,user_feature_2,719dab53a7560218a9d1f96b25d6fa32,36206,109,0.003010550737446832,0.003692741507931519,0.004087027006433356,531.7209518748781,0.22659999115750984,True,False
Position UCB,user_feature_2,7ae37150e596e6e8f19e27a06bd4d359,154,1,0.006493506493506494,-0.007363063853310107,0.0001623903864891199,4.202157185495037,-2.1339118334097567,False,True
Position UCB,user_feature_2,7bc94a2da491829b777c49c4b5e480f2,40154,154,0.0038352343477611197,0.0031883862380318257,0.003645587868370713,603.9798249866186,-0.16865934414331218,True,False
Position UCB,user_feature_2,9b2d331c329ceb74d3dcfb48d8798c78,38792,136,0.00350587750051557,0.009207938092755236,0.009241464556244007,577.1724525233105,1.626428930104126,True,False
Position UCB,user_feature_2,9f4e8271d3d3014af5f35124c2de5082,3721,17,0.004568664337543671,0.019537808556241786,0.018910703607733705,56.00209490929915,3.2764815081044523,False,True
Position UCB,user_feature_2,c2e4f76cdbabecd33b8c762aeef386b3,56698,171,0.003015979399626089,0.0050978581180853785,0.005255574100190391,821.3400502259868,0.6902828045567533,True,False
Position UCB,user_feature_2,c7cce49040b6630e9b5484dfcc0e6cd1,12,0,0.0,0.00938688083929741,0.0,11.999999999999998,,False,True
Position UCB,user_feature_3,05b76f5e97e51128862059ac7df9e42a,13790,26,0.0018854242204496012,0.0038617159284514003,0.004749685065086549,223.48169817319194,1.0481947174363389,True,False
Position UCB,user_feature_3,06128286bcc64b6a4b0fb7bc0328fe17,23404,89,0.0038027687574773545,0.006428292771330186,0.006566787479126921,329.5497843235942,0.6904243148338389,True,False
Position UCB,user_feature_3,1f5491ca59138af653430c90c33319b5,15,1,0.06666666666666667,0.012648508749626898,0.06666666666666665,15.000000000000002,-0.8102723687555965,False,True
Position UCB,user_feature_3,270b3e1c052b4f2e9c90bf0ebeb84f34,3929,6,0.0015271061338763044,-0.0012484673354825058,6.59434864321277e-05,63.26710827872595,-1.8175380268517942,False,True
Position UCB,user_feature_3,397559c512c5db37e09011ba61bcc333,130531,514,0.003937761910963679,0.0010289027614996883,0.0017713325172799364,1975.4310409880245,-0.7387087424877123,True,False
Position UCB,user_feature_3,3aef83d337306549f1f8ca5a8b8ecff8,296,0,0.0,0.009341861591359848,0.0,295.9999999999999,,False,False
Position UCB,user_feature_3,9bde591ffaab8d54c457448e4dca6f53,92358,334,0.0036163624158167132,0.00543092163925287,0.005627069729780231,1346.3211458871226,0.5017636549644209,True,False
Position UCB,user_feature_3,c39b0c7dd5d4eb9a18e7db6ba2f258f8,85870,307,0.0035751717712821708,0.010305093149076017,0.010288688732765366,1244.6155192701742,1.882405044661751,True,False
Position UCB,user_feature_3,f97571b9c14a786aab269f0b427d2a85,28340,88,0.00310515172900494,0.004439882289478373,0.004902886356171688,439.0516916671897,0.42984391004337597,True,False
Fair TS,user_feature_0,4ae385d792f81dde128124a925a830de,1778,3,0.001687289088863892,0.008072711940405332,0.007984098530659803,455.7245392237558,3.7844272766802263,False,False
Fair TS,user_feature_0,574464659df0fc5bac579eff2b1fff99,130531,514,0.003937761910963679,0.003922990382509428,0.004018951936118459,13419.672291954215,-0.0037512497678245937,True,False
Fair TS,user_feature_0,81ce123cbb5bd8ce818f60fb3586bba5,201612,712,0.0035315358212804795,0.006575960211148477,0.006632131394487424,19303.42349989501,0.8620681040590823,True,False
Fair TS,user_feature_0,cef3390ed299c09874189c387777674a,44612,136,0.0030485071281269615,0.0012813541429536747,0.0015897685665144494,4107.842557648588,-0.5796781542246372,True,False
Fair TS,user_feature_1,03a5648a76832f83c859d46bc06cb64a,203958,680,0.0033340197491640434,0.005511887120630694,0.005610491299495009,17256.50495648807,0.6532256961023457,True,False
Fair TS,user_feature_1,2d03db5543b14483e52d761760686b64,22947,114,0.004967969669237808,0.008764542619982467,0.008736926643155047,3983.832019171872,0.7642101710591025,True,False
Fair TS,user_feature_1,6ff54aa8ff7a9dde75161c20a3ee4231,3327,19,0.005710850616170725,0.009928632339526075,0.009877172297194488,1047.928896815022,0.7385557786106975,False,False
Fair TS,user_feature_1,8b50621825ffd909dd8d8317d366271f,90,0,0.0,-0.0013649637814850948,0.0,27.177841482151724,,False,True
Fair TS,user_feature_1,a05b66683c9a38a761122e14ef9a0f6c,130531,514,0.003937761910963679,0.003922990382509428,0.004018951936118459,13419.672291954215,-0.0037512497678245937,True,False
Fair TS,user_feature_1,f1c2d6a32ec39249160cf784b63f4c6f,17680,38,0.002149321266968326,0.002210769063458955,0.0023983233187296876,6127.443709200193,0.028589395840903142,True,False
Fair TS,user_feature_2,2723d2eb8bba04e0362098011fa3997b,59495,233,0.003916295487015715,0.008049359826893544,0.008068386330912026,5546.382488353413,1.055350484553783,True,False
Fair TS,user_feature_2,302deff13f835d731df1c842eed95971,12770,30,0.0023492560689115116,0.011681415480104285,0.011741997034318705,1115.3472304890313,3.9723891893643906,True,False
Fair TS,user_feature_2,3a845d98884c222862996aadd75584c5,130531,514,0.003937761910963679,0.003922990382509428,0.004018951936118459,13419.672291954215,-0.0037512497678245937,True,False
Fair TS,user_feature_2,719dab53a7560218a9d1f96b25d6fa32,36206,109,0.003010550737446832,0.0036026555997099178,0.003888141962474801,3158.9117664048863,0.1966765930559382,True,False
Fair TS,user_feature_2,7ae37150e596e6e8f19e27a06bd4d359,154,1,0.006493506493506494,0.005564487569168241,0.004243511240331922,25.68797219214117,-0.14306891434809088,False,True
Fair TS,user_feature_2,7bc94a2da491829b777c49c4b5e480f2,40154,154,0.0038352343477611197,0.005210713389661964,0.005311332994801667,4594.664983436605,0.3586427626525097,True,False
Fair TS,user_feature_2,9b2d331c329ceb74d3dcfb48d8798c78,38792,136,0.00350587750051557,0.0047480280055391,0.004905572504190074,3469.230455567983,0.3543051646387705,True,False
Fair TS,user_feature_2,9f4e8271d3d3014af5f35124c2de5082,3721,17,0.004568664337543671,0.015803811697129314,0.015088234439488757,324.8797504935326,2.4591754897069515,False,False
Fair TS,user_feature_2,c2e4f76cdbabecd33b8c762aeef386b3,56698,171,0.003015979399626089,0.0032746224169304633,0.0033564508169467698,5676.463893807506,0.08575755435744692,True,False
Fair TS,user_feature_2,c7cce49040b6630e9b5484dfcc0e6cd1,12,0,0.0,0.004959306278612953,0.0,12.000000000000002,,False,True
Fair TS,user_feature_3,05b76f5e97e51128862059ac7df9e42a,13790,26,0.0018854242204496012,0.00043220905681955543,0.0010020850928405976,1267.7274887330136,-0.7707629656330127,True,False
Fair TS,user_feature_3,06128286bcc64b6a4b0fb7bc0328fe17,23404,89,0.0038027687574773545,0.0050195231440197325,0.005172031980345193,2205.530545087983,0.3199653894678407,True,False
Fair TS,user_feature_3,1f5491ca59138af653430c90c33319b5,15,1,0.06666666666666667,0.15171498315386156,0.23905117136750342,10.146778533696189,1.2757247473079234,False,True
Fair TS,user_feature_3,270b3e1c052b4f2e9c90bf0ebeb84f34,3929,6,0.0015271061338763044,0.00639217762088169,0.006383009268298286,381.5320739050074,3.185810978740694,False,False
Fair TS,user_feature_3,397559c512c5db37e09011ba61bcc333,130531,514,0.003937761910963679,0.003922990382509428,0.004018951936118459,13419.672291954215,-0.0037512497678245937,True,False
Fair TS,user_feature_3,3aef83d337306549f1f8ca5a8b8ecff8,296,0,0.0,0.0007926886282439756,0.0,43.77474074718134,,False,True
Fair TS,user_feature_3,9bde591ffaab8d54c457448e4dca6f53,92358,334,0.0036163624158167132,0.006908819171954777,0.0069655034410218124,8812.122988570702,0.910433296656884,True,False
Fair TS,user_feature_3,c39b0c7dd5d4eb9a18e7db6ba2f258f8,85870,307,0.0035751717712821708,0.006224812016251126,0.00628326802755771,8336.77759732282,0.7411225010927824,True,False
Fair TS,user_feature_3,f97571b9c14a786aab269f0b427d2a85,28340,88,0.00310515172900494,0.0025983735009449953,0.002767834273221688,2654.6354280195824,-0.163205624809305,True,False
